# age and sex per analysed sample, extracted from GSE134358_series_matrix.txt
# rows are in GEO file order, restricted to healthy / noninfectious / sepsis
# (endotoxaemia and unlabelled "patient" samples excluded), giving the 299
# samples used for model training. Column order matches pruned_preprocessed_data.xlsx.
gsm	disease_state	sepsis_label	age	sex
GSM3943133	healthy	0	58	female
GSM3943134	healthy	0	41	male
GSM3943135	healthy	0	49	male
GSM3943136	healthy	0	54	female
GSM3943137	healthy	0	63	female
GSM3943138	healthy	0	53	female
GSM3943139	healthy	0	54	female
GSM3943140	healthy	0	55	male
GSM3943141	healthy	0	42	female
GSM3943142	healthy	0	46	female
GSM3943143	healthy	0	61	female
GSM3943144	healthy	0	40	female
GSM3943145	healthy	0	44	male
GSM3943146	healthy	0	53	female
GSM3943147	healthy	0	60	female
GSM3943148	healthy	0	44	female
GSM3943149	healthy	0	58	female
GSM3943150	healthy	0	57	female
GSM3943151	noninfectious	0	61	male
GSM3943152	sepsis	1	59	female
GSM3943153	noninfectious	0	74	male
GSM3943156	noninfectious	0	85	male
GSM3943157	sepsis	1	49	male
GSM3943158	sepsis	1	80	female
GSM3943159	noninfectious	0	92	male
GSM3943160	sepsis	1	68	male
GSM3943161	noninfectious	0	75	male
GSM3943162	noninfectious	0	48	male
GSM3943163	sepsis	1	60	female
GSM3943164	noninfectious	0	21	male
GSM3943165	sepsis	1	63	female
GSM3943166	sepsis	1	53	male
GSM3943168	sepsis	1	88	female
GSM3943169	sepsis	1	19	female
GSM3943171	sepsis	1	85	male
GSM3943172	sepsis	1	75	male
GSM3943173	noninfectious	0	56	female
GSM3943174	noninfectious	0	84	male
GSM3943175	sepsis	1	65	male
GSM3943176	noninfectious	0	67	female
GSM3943177	sepsis	1	67	male
GSM3943178	noninfectious	0	71	female
GSM3943181	noninfectious	0	43	female
GSM3943182	sepsis	1	63	male
GSM3943183	noninfectious	0	54	male
GSM3943184	sepsis	1	67	female
GSM3943185	noninfectious	0	76	female
GSM3943187	sepsis	1	19	female
GSM3943188	sepsis	1	64	female
GSM3943189	noninfectious	0	68	male
GSM3943190	sepsis	1	62	female
GSM3943191	noninfectious	0	57	male
GSM3943192	noninfectious	0	64	male
GSM3943195	sepsis	1	50	female
GSM3943196	noninfectious	0	57	male
GSM3943198	sepsis	1	51	male
GSM3943199	sepsis	1	74	male
GSM3943200	sepsis	1	52	male
GSM3943201	sepsis	1	72	male
GSM3943202	noninfectious	0	79	female
GSM3943203	sepsis	1	48	female
GSM3943204	sepsis	1	74	male
GSM3943207	noninfectious	0	49	female
GSM3943209	sepsis	1	74	male
GSM3943210	sepsis	1	60	male
GSM3943211	sepsis	1	79	male
GSM3943212	noninfectious	0	52	female
GSM3943213	sepsis	1	65	female
GSM3943214	sepsis	1	38	male
GSM3943215	sepsis	1	83	female
GSM3943216	noninfectious	0	48	male
GSM3943218	noninfectious	0	33	male
GSM3943219	noninfectious	0	49	male
GSM3943220	sepsis	1	65	female
GSM3943222	sepsis	1	80	female
GSM3943223	sepsis	1	62	female
GSM3943224	noninfectious	0	48	male
GSM3943225	noninfectious	0	61	male
GSM3943226	sepsis	1	59	female
GSM3943227	sepsis	1	67	male
GSM3943228	noninfectious	0	75	female
GSM3943233	sepsis	1	74	female
GSM3943235	sepsis	1	49	male
GSM3943239	sepsis	1	50	male
GSM3943241	sepsis	1	65	male
GSM3943243	sepsis	1	43	male
GSM3943249	sepsis	1	66	female
GSM3943253	sepsis	1	79	male
GSM3943264	sepsis	1	44	male
GSM3943266	sepsis	1	63	male
GSM3943267	sepsis	1	62	male
GSM3943273	sepsis	1	72	male
GSM3943274	sepsis	1	54	male
GSM3943277	sepsis	1	48	female
GSM3943282	noninfectious	0	52	female
GSM3943283	sepsis	1	26	female
GSM3943285	noninfectious	0	73	male
GSM3943288	sepsis	1	54	male
GSM3943291	sepsis	1	38	female
GSM3943292	sepsis	1	49	male
GSM3943294	sepsis	1	68	male
GSM3943295	sepsis	1	53	male
GSM3943299	noninfectious	0	49	female
GSM3943300	noninfectious	0	48	male
GSM3943301	sepsis	1	71	male
GSM3943302	sepsis	1	50	female
GSM3943304	noninfectious	0	54	female
GSM3943305	noninfectious	0	67	male
GSM3943306	noninfectious	0	23	male
GSM3943307	healthy	0	54	female
GSM3943308	healthy	0	74	female
GSM3943309	healthy	0	71	female
GSM3943310	healthy	0	69	female
GSM3943311	healthy	0	63	male
GSM3943312	healthy	0	57	female
GSM3943313	healthy	0	75	male
GSM3943314	healthy	0	48	female
GSM3943316	healthy	0	64	female
GSM3943317	healthy	0	58	male
GSM3943318	healthy	0	60	female
GSM3943319	healthy	0	60	female
GSM3943320	healthy	0	60	male
GSM3943321	noninfectious	0	53	female
GSM3943322	sepsis	1	54	male
GSM3943323	sepsis	1	74	female
GSM3943324	sepsis	1	57	female
GSM3943325	noninfectious	0	72	female
GSM3943326	noninfectious	0	74	female
GSM3943327	sepsis	1	70	female
GSM3943329	noninfectious	0	62	female
GSM3943332	healthy	0	61	female
GSM3943333	healthy	0	50	female
GSM3943334	healthy	0	60	female
GSM3943335	healthy	0	64	female
GSM3943336	healthy	0	65	female
GSM3943337	healthy	0	54	male
GSM3943338	healthy	0	51	male
GSM3943339	healthy	0	72	female
GSM3943340	healthy	0	42	female
GSM3943341	healthy	0	51	male
GSM3943342	healthy	0	59	female
GSM3943343	healthy	0	59	female
GSM3943344	healthy	0	64	male
GSM3943345	healthy	0	57	female
GSM3943346	healthy	0	42	female
GSM3943347	healthy	0	55	female
GSM3943348	healthy	0	56	female
GSM3943349	noninfectious	0	52	male
GSM3943350	sepsis	1	56	male
GSM3943351	sepsis	1	38	male
GSM3943352	sepsis	1	59	female
GSM3943354	sepsis	1	66	female
GSM3943355	sepsis	1	56	male
GSM3943356	noninfectious	0	78	male
GSM3943358	sepsis	1	58	male
GSM3943359	sepsis	1	72	male
GSM3943361	sepsis	1	68	male
GSM3943362	sepsis	1	72	female
GSM3943363	sepsis	1	69	male
GSM3943364	sepsis	1	63	female
GSM3943365	sepsis	1	81	male
GSM3943366	noninfectious	0	43	female
GSM3943367	sepsis	1	74	male
GSM3943368	sepsis	1	57	male
GSM3943369	sepsis	1	67	male
GSM3943370	sepsis	1	84	male
GSM3943371	sepsis	1	77	male
GSM3943372	sepsis	1	21	male
GSM3943373	sepsis	1	31	male
GSM3943374	sepsis	1	77	male
GSM3943375	sepsis	1	54	male
GSM3943381	noninfectious	0	68	male
GSM3943387	sepsis	1	49	male
GSM3943389	sepsis	1	68	female
GSM3943394	sepsis	1	51	male
GSM3943396	sepsis	1	62	male
GSM3943397	sepsis	1	76	female
GSM3943403	noninfectious	0	63	male
GSM3943404	healthy	0	44	female
GSM3943405	healthy	0	54	female
GSM3943406	healthy	0	80	male
GSM3943407	healthy	0	45	female
GSM3943408	healthy	0	69	female
GSM3943409	healthy	0	60	male
GSM3943410	healthy	0	50	male
GSM3943411	healthy	0	40	female
GSM3943412	healthy	0	55	female
GSM3943413	healthy	0	64	female
GSM3943414	sepsis	1	46	female
GSM3943417	sepsis	1	39	female
GSM3943418	sepsis	1	69	male
GSM3943421	sepsis	1	26	male
GSM3943422	sepsis	1	50	male
GSM3943425	sepsis	1	49	female
GSM3943426	sepsis	1	40	male
GSM3943429	sepsis	1	66	male
GSM3943435	sepsis	1	49	female
GSM3943437	sepsis	1	45	male
GSM3943438	noninfectious	0	55	male
GSM3943439	sepsis	1	20	male
GSM3943440	sepsis	1	46	female
GSM3943441	sepsis	1	77	female
GSM3943442	sepsis	1	64	male
GSM3943443	noninfectious	0	66	male
GSM3943444	sepsis	1	68	male
GSM3943445	sepsis	1	81	male
GSM3943447	sepsis	1	26	female
GSM3943448	sepsis	1	57	male
GSM3943454	sepsis	1	61	male
GSM3943455	sepsis	1	58	female
GSM3943460	sepsis	1	43	male
GSM3943461	sepsis	1	57	female
GSM3943462	sepsis	1	75	male
GSM3943463	sepsis	1	58	female
GSM3943465	sepsis	1	77	male
GSM3943466	sepsis	1	56	female
GSM3943469	sepsis	1	68	male
GSM3943502	sepsis	1	65	male
GSM3943504	noninfectious	0	82	male
GSM3943505	sepsis	1	50	male
GSM3943507	noninfectious	0	37	male
GSM3943508	noninfectious	0	62	male
GSM3943512	noninfectious	0	84	female
GSM3943514	healthy	0	27	female
GSM3943525	sepsis	1	62	male
GSM3943529	noninfectious	0	72	female
GSM3943534	sepsis	1	65	male
GSM3943539	healthy	0	24	female
GSM3943541	sepsis	1	75	male
GSM3943544	sepsis	1	42	female
GSM3943545	sepsis	1	57	female
GSM3943550	sepsis	1	80	female
GSM3943554	sepsis	1	78	male
GSM3943555	noninfectious	0	77	male
GSM3943557	sepsis	1	75	male
GSM3943558	sepsis	1	81	female
GSM3943560	sepsis	1	81	male
GSM3943561	healthy	0	33	female
GSM3943562	sepsis	1	71	female
GSM3943566	sepsis	1	51	male
GSM3943567	noninfectious	0	46	male
GSM3943568	sepsis	1	40	male
GSM3943572	healthy	0	28	male
GSM3943577	sepsis	1	33	female
GSM3943579	noninfectious	0	45	male
GSM3943584	healthy	0	25	female
GSM3943587	sepsis	1	61	male
GSM3943588	sepsis	1	40	female
GSM3943589	sepsis	1	44	male
GSM3943590	sepsis	1	52	male
GSM3943591	sepsis	1	62	male
GSM3943592	sepsis	1	64	female
GSM3943593	noninfectious	0	73	male
GSM3943594	sepsis	1	42	male
GSM3943595	healthy	0	53	female
GSM3943596	healthy	0	57	female
GSM3943597	healthy	0	58	female
GSM3943598	healthy	0	45	female
GSM3943599	healthy	0	53	female
GSM3943600	healthy	0	43	female
GSM3943602	healthy	0	48	female
GSM3943603	healthy	0	63	female
GSM3943605	sepsis	1	55	male
GSM3943608	healthy	0	35	male
GSM3943609	sepsis	1	58	female
GSM3943610	sepsis	1	26	male
GSM3943611	noninfectious	0	50	male
GSM3943619	sepsis	1	70	male
GSM3943620	sepsis	1	46	male
GSM3943624	healthy	0	28	male
GSM3943625	sepsis	1	43	male
GSM3943629	sepsis	1	71	male
GSM3943632	healthy	0	30	female
GSM3943633	sepsis	1	42	female
GSM3943635	healthy	0	40	female
GSM3943636	sepsis	1	72	male
GSM3943638	noninfectious	0	58	female
GSM3943641	sepsis	1	69	male
GSM3943643	healthy	0	31	male
GSM3943652	sepsis	1	66	male
GSM3943659	sepsis	1	54	male
GSM3943665	healthy	0	30	male
GSM3943666	healthy	0	35	female
GSM3943669	sepsis	1	34	female
GSM3943671	healthy	0	30	female
GSM3943672	sepsis	1	76	female
GSM3943675	sepsis	1	60	male
GSM3943677	healthy	0	28	female
GSM3943678	healthy	0	23	female
GSM3943680	sepsis	1	51	male
GSM3943682	noninfectious	0	51	female
GSM3943683	healthy	0	33	male
GSM3943686	sepsis	1	39	female
GSM3943687	sepsis	1	45	female
GSM3943689	sepsis	1	79	male
GSM3943691	noninfectious	0	73	male
GSM3943697	sepsis	1	66	female
GSM3943698	sepsis	1	62	male
GSM3943699	noninfectious	0	59	male
