"CEL_Filename","GSM_ID","Original_Label","Binary_Label"
"GSM3943133_09_12_2015_A01_hv190.CEL","GSM3943133","disease state: healthy","0"
"GSM3943134_09_12_2015_A02_hv186.CEL","GSM3943134","disease state: healthy","0"
"GSM3943135_09_12_2015_A03_hv198.CEL","GSM3943135","disease state: healthy","0"
"GSM3943136_09_12_2015_A04_hv182.CEL","GSM3943136","disease state: healthy","0"
"GSM3943137_09_12_2015_A05_hv195.CEL","GSM3943137","disease state: healthy","0"
"GSM3943138_09_12_2015_A06_hv191.CEL","GSM3943138","disease state: healthy","0"
"GSM3943139_09_12_2015_A07_hv215.CEL","GSM3943139","disease state: healthy","0"
"GSM3943140_09_12_2015_A08_hv205.CEL","GSM3943140","disease state: healthy","0"
"GSM3943141_09_12_2015_A09_hv210.CEL","GSM3943141","disease state: healthy","0"
"GSM3943142_09_12_2015_A10_hv235.CEL","GSM3943142","disease state: healthy","0"
"GSM3943143_09_12_2015_A11_hv207.CEL","GSM3943143","disease state: healthy","0"
"GSM3943144_09_12_2015_A12_hv189.CEL","GSM3943144","disease state: healthy","0"
"GSM3943145_09_12_2015_B01_hv185.CEL","GSM3943145","disease state: healthy","0"
"GSM3943146_09_12_2015_B02_hv209.CEL","GSM3943146","disease state: healthy","0"
"GSM3943147_09_12_2015_B03_hv181.CEL","GSM3943147","disease state: healthy","0"
"GSM3943148_09_12_2015_B04_hv213.CEL","GSM3943148","disease state: healthy","0"
"GSM3943149_09_12_2015_B05_hv199.CEL","GSM3943149","disease state: healthy","0"
"GSM3943150_09_12_2015_B06_hv177.CEL","GSM3943150","disease state: healthy","0"
"GSM3943151_09_12_2015_B07_3311112.CEL","GSM3943151","disease state: noninfectious","0"
"GSM3943152_09_12_2015_B08_3021476.CEL","GSM3943152","disease state: sepsis","1"
"GSM3943153_09_12_2015_B09_3284876.CEL","GSM3943153","disease state: noninfectious","0"
"GSM3943156_09_12_2015_B12_3528466.CEL","GSM3943156","disease state: noninfectious","0"
"GSM3943157_09_12_2015_C01_3287179.CEL","GSM3943157","disease state: sepsis","1"
"GSM3943158_09_12_2015_C02_3586270.CEL","GSM3943158","disease state: sepsis","1"
"GSM3943159_09_12_2015_C03_3769.CEL","GSM3943159","disease state: noninfectious","0"
"GSM3943160_09_12_2015_C04_4917.CEL","GSM3943160","disease state: sepsis","1"
"GSM3943161_09_12_2015_C05_3620.CEL","GSM3943161","disease state: noninfectious","0"
"GSM3943162_09_12_2015_C06_3547.CEL","GSM3943162","disease state: noninfectious","0"
"GSM3943163_09_12_2015_C07_3585.CEL","GSM3943163","disease state: sepsis","1"
"GSM3943164_09_12_2015_C08_3632.CEL","GSM3943164","disease state: noninfectious","0"
"GSM3943165_09_12_2015_C09_3351972.CEL","GSM3943165","disease state: sepsis","1"
"GSM3943166_09_12_2015_C10_3344784.CEL","GSM3943166","disease state: sepsis","1"
"GSM3943168_09_12_2015_C12_3270135.CEL","GSM3943168","disease state: sepsis","1"
"GSM3943169_09_12_2015_D01_5235.CEL","GSM3943169","disease state: sepsis","1"
"GSM3943171_09_12_2015_D03_5750.CEL","GSM3943171","disease state: sepsis","1"
"GSM3943172_09_12_2015_D04_3462609.CEL","GSM3943172","disease state: sepsis","1"
"GSM3943173_09_12_2015_D05_3365199.CEL","GSM3943173","disease state: noninfectious","0"
"GSM3943174_09_12_2015_D06_3186280.CEL","GSM3943174","disease state: noninfectious","0"
"GSM3943175_09_12_2015_D07_3717.CEL","GSM3943175","disease state: sepsis","1"
"GSM3943176_09_12_2015_D08_5479.CEL","GSM3943176","disease state: noninfectious","0"
"GSM3943177_09_12_2015_D09_5726.CEL","GSM3943177","disease state: sepsis","1"
"GSM3943178_09_12_2015_D10_3405860.CEL","GSM3943178","disease state: noninfectious","0"
"GSM3943181_09_12_2015_E02_3687409.CEL","GSM3943181","disease state: noninfectious","0"
"GSM3943182_09_12_2015_E03_3599379.CEL","GSM3943182","disease state: sepsis","1"
"GSM3943183_09_12_2015_E04_3601304.CEL","GSM3943183","disease state: noninfectious","0"
"GSM3943184_09_12_2015_E05_3734523.CEL","GSM3943184","disease state: sepsis","1"
"GSM3943185_09_12_2015_E06_5475.CEL","GSM3943185","disease state: noninfectious","0"
"GSM3943187_09_12_2015_E08_5433.CEL","GSM3943187","disease state: sepsis","1"
"GSM3943188_09_12_2015_E09_5377.CEL","GSM3943188","disease state: sepsis","1"
"GSM3943189_09_12_2015_E10_5317.CEL","GSM3943189","disease state: noninfectious","0"
"GSM3943190_09_12_2015_E11_3261652.CEL","GSM3943190","disease state: sepsis","1"
"GSM3943191_09_12_2015_E12_3647803.CEL","GSM3943191","disease state: noninfectious","0"
"GSM3943192_09_12_2015_F01_3749982.CEL","GSM3943192","disease state: noninfectious","0"
"GSM3943195_09_12_2015_F04_3317184.CEL","GSM3943195","disease state: sepsis","1"
"GSM3943196_09_12_2015_F05_4831.CEL","GSM3943196","disease state: noninfectious","0"
"GSM3943198_09_12_2015_F07_4835.CEL","GSM3943198","disease state: sepsis","1"
"GSM3943199_09_12_2015_F08_4532.CEL","GSM3943199","disease state: sepsis","1"
"GSM3943200_09_12_2015_F09_4923.CEL","GSM3943200","disease state: sepsis","1"
"GSM3943201_09_12_2015_F10_3159200.CEL","GSM3943201","disease state: sepsis","1"
"GSM3943202_09_12_2015_F11_3140433.CEL","GSM3943202","disease state: noninfectious","0"
"GSM3943203_09_12_2015_F12_4982.CEL","GSM3943203","disease state: sepsis","1"
"GSM3943204_09_12_2015_G01_4998.CEL","GSM3943204","disease state: sepsis","1"
"GSM3943207_09_12_2015_G04_3316840.CEL","GSM3943207","disease state: noninfectious","0"
"GSM3943209_09_12_2015_G06_4368.CEL","GSM3943209","disease state: sepsis","1"
"GSM3943210_09_12_2015_G07_4737.CEL","GSM3943210","disease state: sepsis","1"
"GSM3943211_09_12_2015_G08_4736.CEL","GSM3943211","disease state: sepsis","1"
"GSM3943212_09_12_2015_G09_4829.CEL","GSM3943212","disease state: noninfectious","0"
"GSM3943213_09_12_2015_G10_4951.CEL","GSM3943213","disease state: sepsis","1"
"GSM3943214_09_12_2015_G11_4393.CEL","GSM3943214","disease state: sepsis","1"
"GSM3943215_09_12_2015_G12_4445.CEL","GSM3943215","disease state: sepsis","1"
"GSM3943216_09_12_2015_H01_3211740.CEL","GSM3943216","disease state: noninfectious","0"
"GSM3943218_09_12_2015_H03_3428068.CEL","GSM3943218","disease state: noninfectious","0"
"GSM3943219_09_12_2015_H04_3578493.CEL","GSM3943219","disease state: noninfectious","0"
"GSM3943220_09_12_2015_H05_4525.CEL","GSM3943220","disease state: sepsis","1"
"GSM3943222_09_12_2015_H07_4625.CEL","GSM3943222","disease state: sepsis","1"
"GSM3943223_09_12_2015_H08_4938.CEL","GSM3943223","disease state: sepsis","1"
"GSM3943224_09_12_2015_H09_4548.CEL","GSM3943224","disease state: noninfectious","0"
"GSM3943225_09_12_2015_H10_3768367.CEL","GSM3943225","disease state: noninfectious","0"
"GSM3943226_09_12_2015_H11_5260.CEL","GSM3943226","disease state: sepsis","1"
"GSM3943227_09_12_2015_H12_3546507.CEL","GSM3943227","disease state: sepsis","1"
"GSM3943228_11_01_2016_A01_4092070.CEL","GSM3943228","disease state: noninfectious","0"
"GSM3943233_11_01_2016_A06_4063351.CEL","GSM3943233","disease state: sepsis","1"
"GSM3943235_11_01_2016_A08_3910077.CEL","GSM3943235","disease state: sepsis","1"
"GSM3943239_11_01_2016_A12_3862041.CEL","GSM3943239","disease state: sepsis","1"
"GSM3943241_11_01_2016_B02_3650.CEL","GSM3943241","disease state: sepsis","1"
"GSM3943243_11_01_2016_B04_5785.CEL","GSM3943243","disease state: sepsis","1"
"GSM3943249_11_01_2016_B10_3773892.CEL","GSM3943249","disease state: sepsis","1"
"GSM3943253_11_01_2016_C02_3386401.CEL","GSM3943253","disease state: sepsis","1"
"GSM3943264_11_01_2016_D01_4225.CEL","GSM3943264","disease state: sepsis","1"
"GSM3943266_11_01_2016_D03_5392.CEL","GSM3943266","disease state: sepsis","1"
"GSM3943267_11_01_2016_D04_3272092.CEL","GSM3943267","disease state: sepsis","1"
"GSM3943273_11_01_2016_D10_3138950.CEL","GSM3943273","disease state: sepsis","1"
"GSM3943274_11_01_2016_D11_3458598.CEL","GSM3943274","disease state: sepsis","1"
"GSM3943277_11_01_2016_E02_3474652.CEL","GSM3943277","disease state: sepsis","1"
"GSM3943282_11_01_2016_E07_3433046.CEL","GSM3943282","disease state: noninfectious","0"
"GSM3943283_11_01_2016_E08_5717.CEL","GSM3943283","disease state: sepsis","1"
"GSM3943285_11_01_2016_E10_6146.CEL","GSM3943285","disease state: noninfectious","0"
"GSM3943288_11_01_2016_F01_5771.CEL","GSM3943288","disease state: sepsis","1"
"GSM3943291_11_01_2016_F04_3481233.CEL","GSM3943291","disease state: sepsis","1"
"GSM3943292_11_01_2016_F05_4892.CEL","GSM3943292","disease state: sepsis","1"
"GSM3943294_11_01_2016_F07_3537939.CEL","GSM3943294","disease state: sepsis","1"
"GSM3943295_11_01_2016_F08_3529567.CEL","GSM3943295","disease state: sepsis","1"
"GSM3943299_11_01_2016_G01_4028693.CEL","GSM3943299","disease state: noninfectious","0"
"GSM3943300_11_01_2016_G02_3674635.CEL","GSM3943300","disease state: noninfectious","0"
"GSM3943301_11_01_2016_G03_3606874.CEL","GSM3943301","disease state: sepsis","1"
"GSM3943302_11_01_2016_G05_3055998.CEL","GSM3943302","disease state: sepsis","1"
"GSM3943304_11_01_2016_G08_3880494.CEL","GSM3943304","disease state: noninfectious","0"
"GSM3943305_11_01_2016_G09_3550595.CEL","GSM3943305","disease state: noninfectious","0"
"GSM3943306_11_01_2016_G10_3457883.CEL","GSM3943306","disease state: noninfectious","0"
"GSM3943307_11_01_2016_G11_hv176.CEL","GSM3943307","disease state: healthy","0"
"GSM3943308_11_01_2016_G12_hv116.CEL","GSM3943308","disease state: healthy","0"
"GSM3943309_11_01_2016_H01_hv110.CEL","GSM3943309","disease state: healthy","0"
"GSM3943310_11_01_2016_H02_hv114.CEL","GSM3943310","disease state: healthy","0"
"GSM3943311_11_01_2016_H03_hv115.CEL","GSM3943311","disease state: healthy","0"
"GSM3943312_11_01_2016_H04_hv120.CEL","GSM3943312","disease state: healthy","0"
"GSM3943313_11_01_2016_H05_hv117.CEL","GSM3943313","disease state: healthy","0"
"GSM3943314_11_01_2016_H06_hv151.CEL","GSM3943314","disease state: healthy","0"
"GSM3943316_11_01_2016_H08_hv112.CEL","GSM3943316","disease state: healthy","0"
"GSM3943317_11_01_2016_H09_hv148.CEL","GSM3943317","disease state: healthy","0"
"GSM3943318_11_01_2016_H10_hv146.CEL","GSM3943318","disease state: healthy","0"
"GSM3943319_11_01_2016_H11_hv145.CEL","GSM3943319","disease state: healthy","0"
"GSM3943320_11_01_2016_H12_hv163.CEL","GSM3943320","disease state: healthy","0"
"GSM3943321_13_01_2016_A01_3297275.CEL","GSM3943321","disease state: noninfectious","0"
"GSM3943322_13_01_2016_A02_4162.CEL","GSM3943322","disease state: sepsis","1"
"GSM3943323_13_01_2016_A03_4027.CEL","GSM3943323","disease state: sepsis","1"
"GSM3943324_13_01_2016_A04_4051.CEL","GSM3943324","disease state: sepsis","1"
"GSM3943325_13_01_2016_A05_3943.CEL","GSM3943325","disease state: noninfectious","0"
"GSM3943326_13_01_2016_A06_4025.CEL","GSM3943326","disease state: noninfectious","0"
"GSM3943327_13_01_2016_A07_3938.CEL","GSM3943327","disease state: sepsis","1"
"GSM3943329_13_01_2016_A09_3651.CEL","GSM3943329","disease state: noninfectious","0"
"GSM3943332_13_01_2016_A12_hv143.CEL","GSM3943332","disease state: healthy","0"
"GSM3943333_13_01_2016_B01_hv141.CEL","GSM3943333","disease state: healthy","0"
"GSM3943334_13_01_2016_B02_hv139.CEL","GSM3943334","disease state: healthy","0"
"GSM3943335_13_01_2016_B03_hv140.CEL","GSM3943335","disease state: healthy","0"
"GSM3943336_13_01_2016_B04_hv136.CEL","GSM3943336","disease state: healthy","0"
"GSM3943337_13_01_2016_B05_hv153.CEL","GSM3943337","disease state: healthy","0"
"GSM3943338_13_01_2016_B06_hv233.CEL","GSM3943338","disease state: healthy","0"
"GSM3943339_13_01_2016_B07_hv113.CEL","GSM3943339","disease state: healthy","0"
"GSM3943340_13_01_2016_B08_hv226.CEL","GSM3943340","disease state: healthy","0"
"GSM3943341_13_01_2016_B09_hv225.CEL","GSM3943341","disease state: healthy","0"
"GSM3943342_13_01_2016_B10_hv118.CEL","GSM3943342","disease state: healthy","0"
"GSM3943343_13_01_2016_B11_hv211.CEL","GSM3943343","disease state: healthy","0"
"GSM3943344_13_01_2016_B12_hv204.CEL","GSM3943344","disease state: healthy","0"
"GSM3943345_13_01_2016_C01_hv202.CEL","GSM3943345","disease state: healthy","0"
"GSM3943346_13_01_2016_C02_hv220.CEL","GSM3943346","disease state: healthy","0"
"GSM3943347_13_01_2016_C03_hv183.CEL","GSM3943347","disease state: healthy","0"
"GSM3943348_13_01_2016_C04_hv144.CEL","GSM3943348","disease state: healthy","0"
"GSM3943349_13_01_2016_C06_3872240.CEL","GSM3943349","disease state: noninfectious","0"
"GSM3943350_13_01_2016_C07_3755.CEL","GSM3943350","disease state: sepsis","1"
"GSM3943351_13_01_2016_C08_4932.CEL","GSM3943351","disease state: sepsis","1"
"GSM3943352_13_01_2016_C09_4218.CEL","GSM3943352","disease state: sepsis","1"
"GSM3943354_13_01_2016_C11_3300871.CEL","GSM3943354","disease state: sepsis","1"
"GSM3943355_13_01_2016_C12_3273867.CEL","GSM3943355","disease state: sepsis","1"
"GSM3943356_13_01_2016_D01_3285624.CEL","GSM3943356","disease state: noninfectious","0"
"GSM3943358_13_01_2016_D03_3004993.CEL","GSM3943358","disease state: sepsis","1"
"GSM3943359_13_01_2016_D04_3447051.CEL","GSM3943359","disease state: sepsis","1"
"GSM3943361_13_01_2016_D06_3360593.CEL","GSM3943361","disease state: sepsis","1"
"GSM3943362_13_01_2016_D07_3623917.CEL","GSM3943362","disease state: sepsis","1"
"GSM3943363_13_01_2016_D08_3639155.CEL","GSM3943363","disease state: sepsis","1"
"GSM3943364_13_01_2016_D09_3651817.CEL","GSM3943364","disease state: sepsis","1"
"GSM3943365_13_01_2016_D10_3730247.CEL","GSM3943365","disease state: sepsis","1"
"GSM3943366_13_01_2016_D11_3743873.CEL","GSM3943366","disease state: noninfectious","0"
"GSM3943367_13_01_2016_D12_3483709.CEL","GSM3943367","disease state: sepsis","1"
"GSM3943368_13_01_2016_E01_3490886.CEL","GSM3943368","disease state: sepsis","1"
"GSM3943369_13_01_2016_E02_3456820.CEL","GSM3943369","disease state: sepsis","1"
"GSM3943370_13_01_2016_E03_3577539.CEL","GSM3943370","disease state: sepsis","1"
"GSM3943371_13_01_2016_E04_3454267.CEL","GSM3943371","disease state: sepsis","1"
"GSM3943372_13_01_2016_E05_3453835.CEL","GSM3943372","disease state: sepsis","1"
"GSM3943373_13_01_2016_E06_3576217.CEL","GSM3943373","disease state: sepsis","1"
"GSM3943374_13_01_2016_E07_3415746.CEL","GSM3943374","disease state: sepsis","1"
"GSM3943375_13_01_2016_E08_3419205.CEL","GSM3943375","disease state: sepsis","1"
"GSM3943381_13_01_2016_F03_3880674.CEL","GSM3943381","disease state: noninfectious","0"
"GSM3943387_13_01_2016_F09_4771.CEL","GSM3943387","disease state: sepsis","1"
"GSM3943389_13_01_2016_F11_3478108.CEL","GSM3943389","disease state: sepsis","1"
"GSM3943394_13_01_2016_G04_6636.CEL","GSM3943394","disease state: sepsis","1"
"GSM3943396_13_01_2016_G06_3292348.CEL","GSM3943396","disease state: sepsis","1"
"GSM3943397_13_01_2016_G07_6413.CEL","GSM3943397","disease state: sepsis","1"
"GSM3943403_13_01_2016_H01_5907.CEL","GSM3943403","disease state: noninfectious","0"
"GSM3943404_13_01_2016_H02_hv158.CEL","GSM3943404","disease state: healthy","0"
"GSM3943405_13_01_2016_H03_hv162.CEL","GSM3943405","disease state: healthy","0"
"GSM3943406_13_01_2016_H04_hv230.CEL","GSM3943406","disease state: healthy","0"
"GSM3943407_13_01_2016_H05_hv232.CEL","GSM3943407","disease state: healthy","0"
"GSM3943408_13_01_2016_H06_hv119.CEL","GSM3943408","disease state: healthy","0"
"GSM3943409_13_01_2016_H07_hv201.CEL","GSM3943409","disease state: healthy","0"
"GSM3943410_13_01_2016_H08_hv194.CEL","GSM3943410","disease state: healthy","0"
"GSM3943411_13_01_2016_H09_hv203.CEL","GSM3943411","disease state: healthy","0"
"GSM3943412_13_01_2016_H10_hv231.CEL","GSM3943412","disease state: healthy","0"
"GSM3943413_13_01_2016_H11_hv111.CEL","GSM3943413","disease state: healthy","0"
"GSM3943414_13_01_2016_H12_6101.CEL","GSM3943414","disease state: sepsis","1"
"GSM3943417_14_01_2016_A03_5881.CEL","GSM3943417","disease state: sepsis","1"
"GSM3943418_14_01_2016_A04_5894.CEL","GSM3943418","disease state: sepsis","1"
"GSM3943421_14_01_2016_A07_5945.CEL","GSM3943421","disease state: sepsis","1"
"GSM3943422_14_01_2016_A08_5950.CEL","GSM3943422","disease state: sepsis","1"
"GSM3943425_14_01_2016_A11_6018.CEL","GSM3943425","disease state: sepsis","1"
"GSM3943426_14_01_2016_A12_6048.CEL","GSM3943426","disease state: sepsis","1"
"GSM3943429_14_01_2016_B03_6069.CEL","GSM3943429","disease state: sepsis","1"
"GSM3943435_14_01_2016_B10_6194.CEL","GSM3943435","disease state: sepsis","1"
"GSM3943437_14_01_2016_B12_6200.CEL","GSM3943437","disease state: sepsis","1"
"GSM3943438_14_01_2016_C01_6268.CEL","GSM3943438","disease state: noninfectious","0"
"GSM3943439_14_01_2016_C02_6303.CEL","GSM3943439","disease state: sepsis","1"
"GSM3943440_14_01_2016_C03_6331.CEL","GSM3943440","disease state: sepsis","1"
"GSM3943441_14_01_2016_C04_6366.CEL","GSM3943441","disease state: sepsis","1"
"GSM3943442_14_01_2016_C05_6414.CEL","GSM3943442","disease state: sepsis","1"
"GSM3943443_14_01_2016_C06_6429.CEL","GSM3943443","disease state: noninfectious","0"
"GSM3943444_14_01_2016_C07_6430.CEL","GSM3943444","disease state: sepsis","1"
"GSM3943445_14_01_2016_C08_6448.CEL","GSM3943445","disease state: sepsis","1"
"GSM3943447_14_01_2016_C10_4061994.CEL","GSM3943447","disease state: sepsis","1"
"GSM3943448_14_01_2016_C11_6489.CEL","GSM3943448","disease state: sepsis","1"
"GSM3943454_14_01_2016_D05_3499.CEL","GSM3943454","disease state: sepsis","1"
"GSM3943455_14_01_2016_D06_3583.CEL","GSM3943455","disease state: sepsis","1"
"GSM3943460_14_01_2016_D11_4109.CEL","GSM3943460","disease state: sepsis","1"
"GSM3943461_14_01_2016_D12_4206.CEL","GSM3943461","disease state: sepsis","1"
"GSM3943462_14_01_2016_E01_3007078.CEL","GSM3943462","disease state: sepsis","1"
"GSM3943463_14_01_2016_E02_3008502.CEL","GSM3943463","disease state: sepsis","1"
"GSM3943465_14_01_2016_E04_3111443.CEL","GSM3943465","disease state: sepsis","1"
"GSM3943466_14_01_2016_E05_5746.CEL","GSM3943466","disease state: sepsis","1"
"GSM3943469_14_01_2016_E08_3215498.CEL","GSM3943469","disease state: sepsis","1"
"GSM3943502_14_01_2016_H05_3763147.CEL","GSM3943502","disease state: sepsis","1"
"GSM3943504_14_01_2016_H08_3947374.CEL","GSM3943504","disease state: noninfectious","0"
"GSM3943505_14_01_2016_H09_3356210.CEL","GSM3943505","disease state: sepsis","1"
"GSM3943507_14_01_2016_H11_3900569.CEL","GSM3943507","disease state: noninfectious","0"
"GSM3943508_14_01_2016_H12_3944817.CEL","GSM3943508","disease state: noninfectious","0"
"GSM3943512_16_02_2016_A04_3613.CEL","GSM3943512","disease state: noninfectious","0"
"GSM3943514_16_02_2016_A06_hv70.CEL","GSM3943514","disease state: healthy","0"
"GSM3943525_16_02_2016_B05_3976.CEL","GSM3943525","disease state: sepsis","1"
"GSM3943529_16_02_2016_B09_4046.CEL","GSM3943529","disease state: noninfectious","0"
"GSM3943534_16_02_2016_C02_4231.CEL","GSM3943534","disease state: sepsis","1"
"GSM3943539_16_02_2016_C07_hv41.CEL","GSM3943539","disease state: healthy","0"
"GSM3943541_16_02_2016_C09_4426.CEL","GSM3943541","disease state: sepsis","1"
"GSM3943544_16_02_2016_C12_4508.CEL","GSM3943544","disease state: sepsis","1"
"GSM3943545_16_02_2016_D01_4546.CEL","GSM3943545","disease state: sepsis","1"
"GSM3943550_16_02_2016_D06_4586.CEL","GSM3943550","disease state: sepsis","1"
"GSM3943554_16_02_2016_D10_6617.CEL","GSM3943554","disease state: sepsis","1"
"GSM3943555_16_02_2016_D11_6620.CEL","GSM3943555","disease state: noninfectious","0"
"GSM3943557_16_02_2016_E01_6653.CEL","GSM3943557","disease state: sepsis","1"
"GSM3943558_16_02_2016_E02_6658.CEL","GSM3943558","disease state: sepsis","1"
"GSM3943560_16_02_2016_E04_6746.CEL","GSM3943560","disease state: sepsis","1"
"GSM3943561_16_02_2016_E05_hv39.CEL","GSM3943561","disease state: healthy","0"
"GSM3943562_16_02_2016_E06_6776.CEL","GSM3943562","disease state: sepsis","1"
"GSM3943566_16_02_2016_E11_6890.CEL","GSM3943566","disease state: sepsis","1"
"GSM3943567_16_02_2016_E12_6892.CEL","GSM3943567","disease state: noninfectious","0"
"GSM3943568_16_02_2016_F01_2539.CEL","GSM3943568","disease state: sepsis","1"
"GSM3943572_16_02_2016_F05_hv48.CEL","GSM3943572","disease state: healthy","0"
"GSM3943577_16_02_2016_F10_3197090.CEL","GSM3943577","disease state: sepsis","1"
"GSM3943579_16_02_2016_F12_3204833.CEL","GSM3943579","disease state: noninfectious","0"
"GSM3943584_16_02_2016_G05_hv33.CEL","GSM3943584","disease state: healthy","0"
"GSM3943587_16_02_2016_G08_3823.CEL","GSM3943587","disease state: sepsis","1"
"GSM3943588_16_02_2016_G09_4295.CEL","GSM3943588","disease state: sepsis","1"
"GSM3943589_16_02_2016_G10_4373.CEL","GSM3943589","disease state: sepsis","1"
"GSM3943590_16_02_2016_G11_4471.CEL","GSM3943590","disease state: sepsis","1"
"GSM3943591_16_02_2016_G12_4484.CEL","GSM3943591","disease state: sepsis","1"
"GSM3943592_16_02_2016_H01_4850.CEL","GSM3943592","disease state: sepsis","1"
"GSM3943593_16_02_2016_H02_5230.CEL","GSM3943593","disease state: noninfectious","0"
"GSM3943594_16_02_2016_H03_5254.CEL","GSM3943594","disease state: sepsis","1"
"GSM3943595_16_02_2016_H04_hv170.CEL","GSM3943595","disease state: healthy","0"
"GSM3943596_16_02_2016_H05_hv165.CEL","GSM3943596","disease state: healthy","0"
"GSM3943597_16_02_2016_H06_hv154.CEL","GSM3943597","disease state: healthy","0"
"GSM3943598_16_02_2016_H07_hv161.CEL","GSM3943598","disease state: healthy","0"
"GSM3943599_16_02_2016_H08_hv164.CEL","GSM3943599","disease state: healthy","0"
"GSM3943600_16_02_2016_H09_hv166.CEL","GSM3943600","disease state: healthy","0"
"GSM3943602_16_02_2016_H11_hv157.CEL","GSM3943602","disease state: healthy","0"
"GSM3943603_16_02_2016_H12_hv156.CEL","GSM3943603","disease state: healthy","0"
"GSM3943605_18_02_2016_A02_3585283.CEL","GSM3943605","disease state: sepsis","1"
"GSM3943608_18_02_2016_A05_hv38.CEL","GSM3943608","disease state: healthy","0"
"GSM3943609_18_02_2016_A06_3815233.CEL","GSM3943609","disease state: sepsis","1"
"GSM3943610_18_02_2016_A07_3823266.CEL","GSM3943610","disease state: sepsis","1"
"GSM3943611_18_02_2016_A08_6422.CEL","GSM3943611","disease state: noninfectious","0"
"GSM3943619_18_02_2016_B04_5189.CEL","GSM3943619","disease state: sepsis","1"
"GSM3943620_18_02_2016_B05_4729.CEL","GSM3943620","disease state: sepsis","1"
"GSM3943624_18_02_2016_B09_hv53.CEL","GSM3943624","disease state: healthy","0"
"GSM3943625_18_02_2016_B10_6418.CEL","GSM3943625","disease state: sepsis","1"
"GSM3943629_18_02_2016_C02_6276.CEL","GSM3943629","disease state: sepsis","1"
"GSM3943632_18_02_2016_C05_hv57.CEL","GSM3943632","disease state: healthy","0"
"GSM3943633_18_02_2016_C06_5409.CEL","GSM3943633","disease state: sepsis","1"
"GSM3943635_18_02_2016_C08_hv35.CEL","GSM3943635","disease state: healthy","0"
"GSM3943636_18_02_2016_C09_5261.CEL","GSM3943636","disease state: sepsis","1"
"GSM3943638_18_02_2016_C11_4950.CEL","GSM3943638","disease state: noninfectious","0"
"GSM3943641_18_02_2016_D02_5530.CEL","GSM3943641","disease state: sepsis","1"
"GSM3943643_18_02_2016_D04_hv44.CEL","GSM3943643","disease state: healthy","0"
"GSM3943652_18_02_2016_E01_4874.CEL","GSM3943652","disease state: sepsis","1"
"GSM3943659_18_02_2016_E08_4731.CEL","GSM3943659","disease state: sepsis","1"
"GSM3943665_18_02_2016_F02_hv56.CEL","GSM3943665","disease state: healthy","0"
"GSM3943666_18_02_2016_F03_hv42.CEL","GSM3943666","disease state: healthy","0"
"GSM3943669_18_02_2016_F06_3813755.CEL","GSM3943669","disease state: sepsis","1"
"GSM3943671_18_02_2016_F08_hv43.CEL","GSM3943671","disease state: healthy","0"
"GSM3943672_18_02_2016_F09_3605989.CEL","GSM3943672","disease state: sepsis","1"
"GSM3943675_18_02_2016_F12_3783662.CEL","GSM3943675","disease state: sepsis","1"
"GSM3943677_18_02_2016_G02_hv34.CEL","GSM3943677","disease state: healthy","0"
"GSM3943678_18_02_2016_G03_hv69.CEL","GSM3943678","disease state: healthy","0"
"GSM3943680_18_02_2016_G05_3884620.CEL","GSM3943680","disease state: sepsis","1"
"GSM3943682_18_02_2016_G07_6482.CEL","GSM3943682","disease state: noninfectious","0"
"GSM3943683_18_02_2016_G08_hv40.CEL","GSM3943683","disease state: healthy","0"
"GSM3943686_18_02_2016_G11_3962538.CEL","GSM3943686","disease state: sepsis","1"
"GSM3943687_18_02_2016_G12_3769063.CEL","GSM3943687","disease state: sepsis","1"
"GSM3943689_18_02_2016_H02_4078051.CEL","GSM3943689","disease state: sepsis","1"
"GSM3943691_18_02_2016_H04_3945035.CEL","GSM3943691","disease state: noninfectious","0"
"GSM3943697_18_02_2016_H10_3944248.CEL","GSM3943697","disease state: sepsis","1"
"GSM3943698_18_02_2016_H11_4017646.CEL","GSM3943698","disease state: sepsis","1"
"GSM3943699_18_02_2016_H12_3976071.CEL","GSM3943699","disease state: noninfectious","0"
